{"std": [0.1829540508368939, 0.18656561047509476, 0.18447508988480435], "mean": [0.29010095242892997, 0.32808144844279574, 0.28696394422942517]}